{
  "groups": [],
  "properties": [
    {
      "name": "logging.extend.kafka-appender.bootstrap-servers",
      "type": "java.lang.String",
      "defaultValue": "localhost:9092"
    },
    {
      "name": "logging.extend.kafka-appender.topic",
      "type": "java.lang.String",
      "defaultValue": "logback_to_logstash"
    },
    {
      "name": "logging.extend.logstash-appender.destination",
      "type": "java.lang.String",
      "defaultValue": "localhost:4560"
    }
  ],
  "hints": [
  ]
}