<?xml version="1.0" encoding="UTF-8"?>
<!--
  ~  Copyright 1999-2019 Seata.io Group.
  ~
  ~  Licensed under the Apache License, Version 2.0 (the "License");
  ~  you may not use this file except in compliance with the License.
  ~  You may obtain a copy of the License at
  ~
  ~       http://www.apache.org/licenses/LICENSE-2.0
  ~
  ~  Unless required by applicable law or agreed to in writing, software
  ~  distributed under the License is distributed on an "AS IS" BASIS,
  ~  WITHOUT WARRANTIES OR CONDITIONS OF ANY KIND, either express or implied.
  ~  See the License for the specific language governing permissions and
  ~  limitations under the License.
  -->

<included>
    <!-- console-appender properties -->
    <springProperty name="CONSOLE_LOG_PATTERN" source="logging.pattern.console"
                    defaultValue="%clr(%d{HH:mm:ss.SSS}){faint} %clr(%5p) %clr(---){faint} %clr([%25.25t]){faint} %clr([%-30.30logger]){cyan} %clr([%20.20M]){faint}  %clr([%X{X-TX-XID:-}]){faint} %clr(:){faint} %m%n%wEx2"/>

    <appender name="CONSOLE" class="ch.qos.logback.core.ConsoleAppender">
        <encoder>
            <Pattern>${CONSOLE_LOG_PATTERN}</Pattern>
            <charset>UTF-8</charset>
        </encoder>
    </appender>
</included>
